id;invoice_id;agency_id;status_id;title;subhead;invoice_number;po_number;due_data;pdf_url
1;5779;15793;23668;noisily save;psst continually;proper past;whoever mob event;2025-01-20T19:15:32;than gah of
2;2002;11470;19830;dimly shadowy furthermore;anti as;ack;off psst gosh;2025-01-21T03:51:00;through grok
3;25536;723;21288;obediently;given hence noxious;aware phew cleave;butter;2025-01-20T17:17:08;generously
4;8154;31667;3551;drat;slip wholly easily;valiantly next overcooked;the little;2025-01-20T20:39:18;searchingly that painfully
5;7645;7750;7891;redound;but nautical;clean;uh-huh;2025-01-21T07:57:58;horse brr yippee
6;7746;19444;30622;fisherman irritably handsome;freely;mostly;yippee meh potable;2025-01-20T14:08:41;shyly
7;29558;2868;31655;numb;fast idolized;ack forenenst;rich usefully;2025-01-21T13:14:34;that
8;2919;28563;17925;opposite decide;an because but;fatherly noxious;concerned provided hm;2025-01-21T07:19:50;crackle mmm pfft
9;18233;13731;24123;sarcastic asset;knowingly boo negligible;yuck concerning kettledrum;deflate;2025-01-21T11:58:50;rust
10;13989;14038;15403;probable round;deceivingly if;sonnet;gosh;2025-01-21T02:32:13;joyfully
