id;identifier;description;created_by;created_date;last_modified_by;last_modified_date;status
1;when;for distant immaculate;when delightfully sand;2025-01-16T18:59:57;curry phooey ruin;2025-01-16T05:00:44;READY
2;woot grumpy;tectonics;sediment;2025-01-16T18:44:41;fully ack;2025-01-17T00:21:05;BOUND
3;internationalize best-seller;now following boohoo;throughout pace;2025-01-16T09:29:01;beyond highly hmph;2025-01-16T23:10:40;IN_PROCESS
4;onto reconsideration seal;pharmacopoeia settler task;qua pale;2025-01-16T21:04:59;since whereas daintily;2025-01-16T19:02:19;CREATED
5;lost blaring unless;about so unique;wealthy shampoo gosh;2025-01-16T03:03:01;elderly huzzah;2025-01-16T14:22:30;READY
6;unabashedly jet with;times detective dowse;consequently comb;2025-01-16T10:42:26;wealthy positively from;2025-01-16T19:23:35;BOUND
7;thoughtfully wide bowed;actually;vet;2025-01-16T10:42:00;humble;2025-01-16T22:01:56;READY
8;yowza;phooey;down;2025-01-16T07:11:35;unknown;2025-01-16T12:53:15;BOUND
9;despite toward brr;heavenly;whoever lively heartbeat;2025-01-16T08:07:37;unlike till aside;2025-01-16T05:42:15;CREATED
10;underachieve into solder;unlawful misappropriate;edge;2025-01-16T09:04:08;below wherever slope;2025-01-16T18:13:44;READY
